{
	"format_version": "1.12.0",
	"minecraft:geometry": [
		{
			"description": {
				"identifier": "geometry.ivysaur",
				"texture_width": 128,
				"texture_height": 128,
				"visible_bounds_width": 6,
				"visible_bounds_height": 2.5,
				"visible_bounds_offset": [0, 0.75, 0]
			},
			"bones": [
				{
					"name": "ivysaur",
					"pivot": [0, 0, 0]
				},
				{
					"name": "body",
					"parent": "ivysaur",
					"pivot": [0, 6, 2]
				},
				{
					"name": "torso",
					"parent": "body",
					"pivot": [0, 5, 2],
					"cubes": [
						{"origin": [-5, 2.5, -4], "size": [10, 8, 11], "pivot": [1, 4, 1.5], "rotation": [-10, 0, 0], "uv": [0, 0]}
					]
				},
				{
					"name": "bulb_master",
					"parent": "torso",
					"pivot": [0, 10.5, 2.75],
					"rotation": [-10, 0, 0]
				},
				{
					"name": "bulb2",
					"parent": "bulb_master",
					"pivot": [0, 10.5, 3],
					"cubes": [
						{"origin": [-2, 10.25, 0.75], "size": [4, 3, 4], "uv": [17, 64]},
						{"origin": [-4, 12.25, -1.25], "size": [8, 8, 8], "uv": [41, 35]},
						{"origin": [-4, 20.25, -0.25], "size": [8, 2, 0], "pivot": [0, 20.25, -0.3], "rotation": [-27.5, 0, 0], "uv": [43, 15]},
						{"origin": [-4, 20.25, 5.75], "size": [8, 2, 0], "pivot": [0, 20.25, 5.8], "rotation": [27.5, 0, 0], "uv": [43, 15], "mirror": true},
						{"origin": [3.05, 20.25, -1.25], "size": [0, 2, 8], "pivot": [3, 20.25, 3.8], "rotation": [0, 0, -27.5], "uv": [46, 52]},
						{"origin": [-3.05, 20.25, -1.25], "size": [0, 2, 8], "pivot": [-3, 20.25, 3.8], "rotation": [0, 0, 27.5], "uv": [0, 55]}
					]
				},
				{
					"name": "leaf_front",
					"parent": "bulb_master",
					"pivot": [0, 10.5, 1],
					"rotation": [-20, 0, 0],
					"cubes": [
						{"origin": [-3.5, 10.5, -12], "size": [7, 0, 13], "uv": [0, 20]}
					]
				},
				{
					"name": "leaf_right",
					"parent": "bulb_master",
					"pivot": [-2, 10.5, 2.9],
					"rotation": [0, 0, 10],
					"cubes": [
						{"origin": [-15, 10.5, -0.6], "size": [13, 0, 7], "uv": [43, 0]}
					]
				},
				{
					"name": "leaf_left",
					"parent": "bulb_master",
					"pivot": [2, 10.5, 2.9],
					"rotation": [0, 0, -10],
					"cubes": [
						{"origin": [2, 10.5, -0.6], "size": [13, 0, 7], "uv": [43, 0], "mirror": true}
					]
				},
				{
					"name": "leaf_back",
					"parent": "bulb_master",
					"pivot": [0, 10.75, 4.75],
					"rotation": [5, 0, 0],
					"cubes": [
						{"origin": [-3.5, 10.75, 4.75], "size": [7, 0, 13], "uv": [0, 34]}
					]
				},
				{
					"name": "vines",
					"parent": "torso",
					"pivot": [-3.15, 11, 2]
				},
				{
					"name": "vine_right",
					"parent": "vines",
					"pivot": [-2.15, 11, 2],
					"cubes": [
						{"origin": [-6.15, 10.5, 2], "size": [4, 1, 0], "uv": [43, 18]}
					]
				},
				{
					"name": "vine_right2",
					"parent": "vine_right",
					"pivot": [-6.15, 11, 2],
					"cubes": [
						{"origin": [-10.15, 10.5, 2], "size": [4, 1, 0], "uv": [29, 48]}
					]
				},
				{
					"name": "vine_right3",
					"parent": "vine_right2",
					"pivot": [-10.15, 11, 2],
					"cubes": [
						{"origin": [-14.15, 10.5, 2], "size": [4, 1, 0], "uv": [29, 50]}
					]
				},
				{
					"name": "vine_right4",
					"parent": "vine_right3",
					"pivot": [-14.15, 11, 2],
					"cubes": [
						{"origin": [-18.15, 10.5, 2], "size": [4, 1, 0], "uv": [52, 18]}
					]
				},
				{
					"name": "vine_right5",
					"parent": "vine_right4",
					"pivot": [-18.15, 11, 2],
					"cubes": [
						{"origin": [-22.15, 10.5, 2], "size": [4, 1, 0], "uv": [60, 15]}
					]
				},
				{
					"name": "vine_right6",
					"parent": "vine_right5",
					"pivot": [-22.15, 11, 2],
					"cubes": [
						{"origin": [-26.15, 10.5, 2], "size": [4, 1, 0], "uv": [17, 61]}
					]
				},
				{
					"name": "vine_right7",
					"parent": "vine_right6",
					"pivot": [-26.15, 11, 2],
					"cubes": [
						{"origin": [-30.15, 10.5, 2], "size": [4, 1, 0], "uv": [61, 17]}
					]
				},
				{
					"name": "vine_right_end",
					"parent": "vine_right7",
					"pivot": [-30.15, 11, 2],
					"cubes": [
						{"origin": [-33.15, 10, 2], "size": [3, 2, 0], "uv": [27, 72]}
					]
				},
				{
					"name": "vine_left",
					"parent": "vines",
					"pivot": [2.15, 11, 2],
					"cubes": [
						{"origin": [2.15, 10.5, 2], "size": [4, 1, 0], "uv": [69, 15]}
					]
				},
				{
					"name": "vine_left2",
					"parent": "vine_left",
					"pivot": [6.15, 11, 2],
					"cubes": [
						{"origin": [6.15, 10.5, 2], "size": [4, 1, 0], "uv": [70, 17]}
					]
				},
				{
					"name": "vine_left3",
					"parent": "vine_left2",
					"pivot": [10.15, 11, 2],
					"cubes": [
						{"origin": [10.15, 10.5, 2], "size": [4, 1, 0], "uv": [34, 70]}
					]
				},
				{
					"name": "vine_left4",
					"parent": "vine_left3",
					"pivot": [14.15, 11, 2],
					"cubes": [
						{"origin": [14.15, 10.5, 2], "size": [4, 1, 0], "uv": [63, 71]}
					]
				},
				{
					"name": "vine_left5",
					"parent": "vine_left4",
					"pivot": [18.15, 11, 2],
					"cubes": [
						{"origin": [18.15, 10.5, 2], "size": [4, 1, 0], "uv": [0, 72]}
					]
				},
				{
					"name": "vine_left6",
					"parent": "vine_left5",
					"pivot": [22.15, 11, 2],
					"cubes": [
						{"origin": [22.15, 10.5, 2], "size": [4, 1, 0], "uv": [9, 72]}
					]
				},
				{
					"name": "vine_left7",
					"parent": "vine_left6",
					"pivot": [26.15, 11, 2],
					"cubes": [
						{"origin": [26.15, 10.5, 2], "size": [4, 1, 0], "uv": [18, 72]}
					]
				},
				{
					"name": "vine_left_end",
					"parent": "vine_left7",
					"pivot": [30.15, 11, 2],
					"cubes": [
						{"origin": [30.15, 10, 2], "size": [3, 2, 0], "uv": [34, 72]}
					]
				},
				{
					"name": "head",
					"parent": "torso",
					"pivot": [0, 9, -4],
					"cubes": [
						{"origin": [-5.5, 6.5, -10.75], "size": [11, 6, 8], "uv": [41, 20]},
						{"origin": [-5.5, 12, -7.75], "size": [2, 2, 4], "inflate": -0.01, "uv": [63, 64], "mirror": true},
						{"origin": [3.5, 12, -7.75], "size": [2, 2, 4], "inflate": -0.01, "uv": [63, 64]},
						{"origin": [-1.5, 6, -10.76], "size": [3, 1, 0], "uv": [72, 71]},
						{"origin": [-5.5, 5, -6.75], "size": [11, 2, 4], "inflate": -0.01, "uv": [43, 8]},
						{"origin": [-4.9, 5.5, -10.75], "size": [1, 1, 0], "uv": [38, 48]},
						{"origin": [3.9, 5.5, -10.75], "size": [1, 1, 0], "uv": [38, 48]}
					]
				},
				{
					"name": "jaw",
					"parent": "head",
					"pivot": [0, 6.5, -6.75],
					"cubes": [
						{"origin": [-5, 5, -10.65], "size": [10, 2, 4], "inflate": -0.01, "uv": [0, 48]}
					]
				},
				{
					"name": "eyes",
					"parent": "head",
					"pivot": [0, 9, -9.95]
				},
				{
					"name": "eye_right",
					"parent": "eyes",
					"pivot": [-4.515, 9, -9.765],
					"cubes": [
						{"origin": [-5.5, 7.5, -10.75], "size": [3, 3, 2], "inflate": 0.01, "uv": [17, 55], "mirror": true}
					]
				},
				{
					"name": "eyelid_right",
					"parent": "eye_right",
					"pivot": [-4.415, 9, -9.665],
					"cubes": [
						{"origin": [-5.4, 7.5, -10.65], "size": [3, 3, 2], "inflate": 0.03, "uv": [0, 66], "mirror": true}
					]
				},
				{
					"name": "eye_left",
					"parent": "eyes",
					"pivot": [4.515, 9, -9.765],
					"cubes": [
						{"origin": [2.5, 7.5, -10.75], "size": [3, 3, 2], "inflate": 0.01, "uv": [17, 55]}
					]
				},
				{
					"name": "eyelid_left",
					"parent": "eye_left",
					"pivot": [4.415, 9, -9.665],
					"cubes": [
						{"origin": [2.4, 7.5, -10.65], "size": [3, 3, 2], "inflate": 0.03, "uv": [0, 66]}
					]
				},
				{
					"name": "leg_front_right",
					"parent": "body",
					"pivot": [-4.75, 5, -1.5],
					"cubes": [
						{"origin": [-6.5, 0, -3.5], "size": [4, 7, 4], "uv": [29, 52], "mirror": true},
						{"origin": [-7.5, 0.05, -4.5], "size": [5, 0, 5], "uv": [63, 52]}
					]
				},
				{
					"name": "leg_front_left",
					"parent": "body",
					"pivot": [4.75, 5, -1.5],
					"cubes": [
						{"origin": [2.5, 0, -3.5], "size": [4, 7, 4], "uv": [29, 52]},
						{"origin": [2.5, 0.05, -4.5], "size": [5, 0, 5], "uv": [63, 52], "mirror": true}
					]
				},
				{
					"name": "leg_back_right",
					"parent": "body",
					"pivot": [-4.25, 5, 6.5],
					"cubes": [
						{"origin": [-6.25, 0, 4.5], "size": [4, 6, 4], "uv": [46, 63], "mirror": true},
						{"origin": [-7.25, 0.05, 3.5], "size": [5, 0, 5], "uv": [63, 58], "mirror": true}
					]
				},
				{
					"name": "leg_back_left",
					"parent": "body",
					"pivot": [4.25, 5, 6.5],
					"cubes": [
						{"origin": [2.25, 0, 4.5], "size": [4, 6, 4], "uv": [46, 63]},
						{"origin": [2.25, 0.05, 3.5], "size": [5, 0, 5], "uv": [63, 58]}
					]
				}
			]
		}
	]
}