{
	"format_version": "1.12.0",
	"minecraft:geometry": [
		{
			"description": {
				"identifier": "geometry.bulbasaur",
				"texture_width": 64,
				"texture_height": 64,
				"visible_bounds_width": 6,
				"visible_bounds_height": 2.5,
				"visible_bounds_offset": [0, 0.75, 0]
			},
			"bones": [
				{
					"name": "bulbasaur",
					"pivot": [0, 0, 0]
				},
				{
					"name": "body",
					"parent": "bulbasaur",
					"pivot": [0, 5, 1]
				},
				{
					"name": "torso",
					"parent": "body",
					"pivot": [0, 5.5, 0.5],
					"rotation": [-15, 0, 0],
					"cubes": [
						{"origin": [-4, 3, -4], "size": [8, 6, 10], "uv": [0, 0]}
					]
				},
				{
					"name": "vines",
					"parent": "torso",
					"pivot": [-3.15, 7.5, 0]
				},
				{
					"name": "vine_right",
					"parent": "vines",
					"pivot": [-3.65, 7.5, 0],
					"cubes": [
						{"origin": [-7.65, 7, 0], "size": [4, 1, 0], "uv": [37, 29]}
					]
				},
				{
					"name": "vine_right2",
					"parent": "vine_right",
					"pivot": [-7.65, 7.5, 0],
					"cubes": [
						{"origin": [-11.65, 7, 0], "size": [4, 1, 0], "uv": [37, 31]}
					]
				},
				{
					"name": "vine_right3",
					"parent": "vine_right2",
					"pivot": [-11.65, 7.5, 0],
					"cubes": [
						{"origin": [-15.65, 7, 0], "size": [4, 1, 0], "uv": [46, 29]}
					]
				},
				{
					"name": "vine_right4",
					"parent": "vine_right3",
					"pivot": [-15.65, 7.5, 0],
					"cubes": [
						{"origin": [-19.65, 7, 0], "size": [4, 1, 0], "uv": [46, 31]}
					]
				},
				{
					"name": "vine_right5",
					"parent": "vine_right4",
					"pivot": [-19.65, 7.5, 0],
					"cubes": [
						{"origin": [-23.65, 7, 0], "size": [4, 1, 0], "uv": [22, 47]}
					]
				},
				{
					"name": "vine_right6",
					"parent": "vine_right5",
					"pivot": [-23.65, 7.5, 0],
					"cubes": [
						{"origin": [-27.65, 7, 0], "size": [4, 1, 0], "uv": [22, 49]}
					]
				},
				{
					"name": "vine_right7",
					"parent": "vine_right6",
					"pivot": [-27.65, 7.5, 0],
					"cubes": [
						{"origin": [-31.65, 7, 0], "size": [4, 1, 0], "uv": [50, 15]}
					]
				},
				{
					"name": "vine_right_end",
					"parent": "vine_right7",
					"pivot": [-31.65, 7.5, 0],
					"cubes": [
						{"origin": [-34.65, 6.5, 0], "size": [3, 2, 0], "uv": [40, 51]}
					]
				},
				{
					"name": "vine_left",
					"parent": "vines",
					"pivot": [3.65, 7.5, 0],
					"cubes": [
						{"origin": [3.65, 7, 0], "size": [4, 1, 0], "uv": [50, 17]}
					]
				},
				{
					"name": "vine_left2",
					"parent": "vine_left",
					"pivot": [7.65, 7.5, 0],
					"cubes": [
						{"origin": [7.65, 7, 0], "size": [4, 1, 0], "uv": [50, 19]}
					]
				},
				{
					"name": "vine_left3",
					"parent": "vine_left2",
					"pivot": [11.65, 7.5, 0],
					"cubes": [
						{"origin": [11.65, 7, 0], "size": [4, 1, 0], "uv": [50, 21]}
					]
				},
				{
					"name": "vine_left4",
					"parent": "vine_left3",
					"pivot": [15.65, 7.5, 0],
					"cubes": [
						{"origin": [15.65, 7, 0], "size": [4, 1, 0], "uv": [50, 39]}
					]
				},
				{
					"name": "vine_left5",
					"parent": "vine_left4",
					"pivot": [19.65, 7.5, 0],
					"cubes": [
						{"origin": [19.65, 7, 0], "size": [4, 1, 0], "uv": [50, 41]}
					]
				},
				{
					"name": "vine_left6",
					"parent": "vine_left5",
					"pivot": [23.65, 7.5, 0],
					"cubes": [
						{"origin": [23.65, 7, 0], "size": [4, 1, 0], "uv": [22, 51]}
					]
				},
				{
					"name": "vine_left7",
					"parent": "vine_left6",
					"pivot": [27.65, 7.5, 0],
					"cubes": [
						{"origin": [27.65, 7, 0], "size": [4, 1, 0], "uv": [31, 51]}
					]
				},
				{
					"name": "vine_left_end",
					"parent": "vine_left7",
					"pivot": [31.65, 7.5, 0],
					"cubes": [
						{"origin": [31.65, 6.5, 0], "size": [3, 2, 0], "uv": [47, 51]}
					]
				},
				{
					"name": "bulb",
					"parent": "torso",
					"pivot": [0, 7.5, 2.25],
					"cubes": [
						{"origin": [-4.5, 7.5, -2], "size": [9, 6, 9], "inflate": -0.01, "uv": [0, 16]},
						{"origin": [-1.5, 12.5, 1], "size": [3, 3, 3], "uv": [33, 44]}
					]
				},
				{
					"name": "head",
					"parent": "torso",
					"pivot": [0, 8.5, -4],
					"rotation": [15, 0, 0],
					"cubes": [
						{"origin": [-4.5, 5.5, -9.75], "size": [9, 6, 7], "uv": [0, 31]},
						{"origin": [-4.5, 11, -6.75], "size": [2, 2, 3], "inflate": -0.01, "uv": [11, 47], "mirror": true},
						{"origin": [2.5, 11, -6.75], "size": [2, 2, 3], "inflate": -0.01, "uv": [11, 47]},
						{"origin": [-1.5, 5, -9.76], "size": [3, 1, 0], "uv": [52, 5]},
						{"origin": [-4.5, 4.5, -6.75], "size": [9, 1, 4], "uv": [33, 33]},
						{"origin": [-3.95, 5, -9], "size": [1, 1, 0], "uv": [52, 7]},
						{"origin": [2.95, 5, -9], "size": [1, 1, 0], "uv": [52, 9]}
					]
				},
				{
					"name": "jaw",
					"parent": "head",
					"pivot": [0, 5.5, -6.75],
					"cubes": [
						{"origin": [-4, 4.5, -9.75], "size": [8, 1, 3], "uv": [26, 0]}
					]
				},
				{
					"name": "eyes",
					"parent": "head",
					"pivot": [0, 8, -8.95]
				},
				{
					"name": "eye_right",
					"parent": "eyes",
					"pivot": [-3.515, 8, -8.765],
					"cubes": [
						{"origin": [-4.5, 6.5, -9.75], "size": [2, 3, 3], "inflate": 0.01, "uv": [46, 44], "mirror": true}
					]
				},
				{
					"name": "eyelid_right",
					"parent": "eye_right",
					"pivot": [-3.415, 8, -8.665],
					"cubes": [
						{"origin": [-4.4, 6.5, -9.65], "size": [2, 3, 3], "inflate": 0.03, "uv": [0, 47], "mirror": true}
					]
				},
				{
					"name": "eye_left",
					"parent": "eyes",
					"pivot": [3.515, 8, -8.765],
					"cubes": [
						{"origin": [2.5, 6.5, -9.75], "size": [2, 3, 3], "inflate": 0.01, "uv": [46, 44]}
					]
				},
				{
					"name": "eyelid_left",
					"parent": "eye_left",
					"pivot": [3.415, 8, -8.665],
					"cubes": [
						{"origin": [2.4, 6.5, -9.65], "size": [2, 3, 3], "inflate": 0.03, "uv": [0, 47]}
					]
				},
				{
					"name": "leg_front_right",
					"parent": "body",
					"pivot": [-3.75, 4.5, -3],
					"cubes": [
						{"origin": [-5.25, 0, -4.5], "size": [3, 5, 3], "uv": [37, 15], "mirror": true},
						{"origin": [-6.25, 0.05, -5.5], "size": [4, 0, 4], "uv": [37, 24], "mirror": true}
					]
				},
				{
					"name": "knee_front_right",
					"parent": "leg_front_right",
					"pivot": [-5.25, 2, -1.5]
				},
				{
					"name": "leg_front_left",
					"parent": "body",
					"pivot": [3.75, 4.5, -3],
					"cubes": [
						{"origin": [2.25, 0, -4.5], "size": [3, 5, 3], "uv": [37, 15]},
						{"origin": [2.25, 0.05, -5.5], "size": [4, 0, 4], "uv": [37, 24]}
					]
				},
				{
					"name": "leg_back_right",
					"parent": "body",
					"pivot": [-3.75, 4.5, 4.5],
					"cubes": [
						{"origin": [-5.25, 0, 2], "size": [3, 5, 4], "uv": [37, 5], "mirror": true},
						{"origin": [-6.25, 0.05, 1], "size": [4, 0, 4], "uv": [33, 39]}
					]
				},
				{
					"name": "leg_back_left",
					"parent": "body",
					"pivot": [3.75, 4.5, 4.5],
					"cubes": [
						{"origin": [2.25, 0, 2], "size": [3, 5, 4], "uv": [37, 5]},
						{"origin": [2.25, 0.05, 1], "size": [4, 0, 4], "uv": [33, 39], "mirror": true}
					]
				}
			]
		}
	]
}